id,email,password,handle 
1,ztrase0@ucoz.com,btvDNfdheAVG,blemarchant0
2,glaskey1@barnesandnoble.com,zoDyX4h,swoolger1
3,sgilby2@artisteer.com,IseWmPapvYj,rmccard2
4,tsauvain3@usa.gov,DYhnUQDa1nKG,fakaster3
5,jtunno4@aboutads.info,XjCKSMMyOr,tlammertz4
6,beaken5@boston.com,LbOZjt1M7sx0,dsmallman5
7,jredborn6@phoca.cz,Dg1f6bKEwoKj,tgarnam6
8,skikke7@sogou.com,yfMYWJ,anardrup7
9,jsummerley8@whitehouse.gov,FXISH6rTr,lmacdonell8
10,bmeijer9@reddit.com,elrTFoiDcfr,jcorbie9
11,rgrimmea@ftc.gov,heNmH3,abladera
12,gclamob@networksolutions.com,eUHQAU,tscuffhamb
13,clowseleyc@yahoo.com,xzsK1Vzy,srentollc
14,carmesd@mashable.com,20EKQCED,iginityd
15,spoytrese@narod.ru,tbEEWzPF,jjursche
16,amartyf@51.la,5VJpy6,sshorthousef
17,mrigbyg@bing.com,5qjRcnZ,wguiettg
18,eeasbieh@ning.com,JLAWbzs,oyearnesh
19,jhedlestonei@usgs.gov,kxx8MNbe,dhobdeni
20,nslimmonj@ibm.com,UYwh4IMvhb2Q,ckikej
21,gcondellk@quantcast.com,q0ZUWU,hdemalchark
22,kpetrushkevichl@state.tx.us,S22aHhe,kgoodwelll
23,lelletsonm@w3.org,tWQeWRk,mautinm
24,raldingtonn@gnu.org,072bB6l,hhalcron
25,abirkso@google.fr,hrkut6Lup4t7,eberkso
26,tsebbornp@illinois.edu,CjwcGEh,rkirknessp
27,rcregganq@studiopress.com,KXeG9S,dprimroseq
28,ybuntinr@mlb.com,XNpPpf,zmorforthr
29,hfearons@nps.gov,UYEhUw,bshyrams
30,kternoutht@bing.com,lcNuuW,krubbertt
31,ktorrijosu@merriam-webster.com,dFSbL0iJVsyU,dgotu
32,ldanielianv@yahoo.co.jp,qgC3tUAPxeo,gfilinkovv
33,ncurringtonw@amazon.co.jp,5v4nr4gB,avequaudw
34,mpostansx@dot.gov,jYrbsRg,rstandbrookx
35,hkimbleny@smh.com.au,rldqZ4ZgvNW,amatysy
36,njurgensenz@yellowbook.com,LPzfYu,gnassauz
37,slangan10@ustream.tv,UeVaHYRGR5,hheims10
38,tcorderoy11@myspace.com,SVgtl4Zs5,hsoutar11
39,emadre12@technorati.com,IY6Ov5293b,mfines12
40,vbrough13@surveymonkey.com,1HIP35bpH1,hgjerde13
41,averma14@mtv.com,PoYo89DHf,jferrarin14
42,pmoultrie15@omniture.com,txzHR6rT66,mpoone15
43,dgladden16@upenn.edu,dM0fAfYm,laverill16
44,dgymblett17@craigslist.org,FuVvXw2gN,cgoulbourne17
45,hiskowitz18@bing.com,pkXXasGqTm,dcomiam18
46,kpower19@sciencedaily.com,RUczicnAKq3,fince19
47,kloosemore1a@prnewswire.com,MEQppavN,kleadley1a
48,edeyenhardt1b@edublogs.org,10yCNo,tnettleship1b
49,pbyllam1c@chron.com,rLIS3T,pcastellini1c
50,jaire1d@wikia.com,51A2DjcsD,ppruvost1d
51,cinott1e@theatlantic.com,YNIGD5Zy4p,dhaithwaite1e
52,ftheodoris1f@smugmug.com,zl7M6ONX9H,cguillard1f
53,rguerola1g@storify.com,Gea5rOeEOF,lstaziker1g
54,dorpen1h@wikipedia.org,2PJATD77ctrZ,eplayfoot1h
55,ggut1i@wordpress.com,4ExjqbziF,pbuckenhill1i
56,skemble1j@elegantthemes.com,cXtEyH4,clesarr1j
57,drexworthy1k@hugedomains.com,TvUURW67r,dtettley1k
58,bfrancesconi1l@alexa.com,fnBfkmw,sdeex1l
59,bcull1m@tiny.cc,RMljzcbL,dgambrell1m
60,cpakeman1n@answers.com,U2a0rS0QI,rbloomer1n
61,acollin1o@eepurl.com,vWkOpdatWD1F,misworth1o
62,afawkes1p@discovery.com,U9OJhoV,ifiller1p
63,shurrell1q@princeton.edu,jpqPmw8AFBK,dlaetham1q
64,tredmond1r@slashdot.org,mogGXysCXC2g,tshuttleworth1r
65,swetherick1s@noaa.gov,BJHjwzmb2,dcasbolt1s
66,kdurant1t@cnet.com,62lDkUbGY,rcapewell1t
67,jdoerling1u@alexa.com,PhXszoIKKWk,asuthworth1u
68,rbedwell1v@addthis.com,W5Wf2P,mlabat1v
69,gwingeatt1w@cnbc.com,wAMNVuJ,rwellum1w
70,ksorton1x@homestead.com,23KmAYuh,jlees1x
71,dgladdifh1y@admin.ch,ktZUmPMYZw,gbaskett1y
72,iburtonwood1z@oaic.gov.au,Zmz2K96h5P,eabrams1z
73,hlabrow20@yahoo.com,httqpJuV6,gpeskett20
74,dcastiblanco21@a8.net,GevKrM,rscanlon21
75,tfotitt22@indiatimes.com,uiTQ370iM,dgini22
76,ksibery23@istockphoto.com,RbR3N84,graine23
77,astrass24@dedecms.com,cZnBuG8WsI,relwin24
78,kbretland25@boston.com,nmDTK1Jb,amelin25
79,pcaulton26@archive.org,irrMcev9PtZa,hbullar26
80,bkobpal27@weebly.com,HnK8yX6sr6q,shugle27
81,jscutcheon28@accuweather.com,v0fNDA0q,dossulton28
82,mwybern29@liveinternet.ru,GUQRgJY66,rraymond29
83,vdunnan2a@wp.com,2Br2C1,jmoatt2a
84,stupling2b@plala.or.jp,DBtkKXTj4,hjadczak2b
85,kstone2c@netvibes.com,pCGrL71Z,jgloster2c
86,srainsdon2d@ow.ly,A1k4qOkldXw,hlindbergh2d
87,hwiggins2e@nps.gov,JYLHa4iVLI,lharburtson2e
88,mmajor2f@sitemeter.com,t4T4FqpotIFE,gwallege2f
89,jmcgiff2g@spiegel.de,xNLQnkO3GmKD,gbortol2g
90,alaidlow2h@hexun.com,y97Yet8bWby1,mweston2h
91,gdivver2i@paypal.com,8UTIRQm,arahill2i
92,ulynock2j@cbsnews.com,dGbucC,rkopman2j
93,cnovichenko2k@lycos.com,Teknmi,lgavozzi2k
94,rpothbury2l@networkadvertising.org,3pC7r0h,nterbeek2l
95,dcalafate2m@wiley.com,JmzaMQv4,tdoley2m
96,ttwyford2n@bbb.org,duDMdEweNx,nhradsky2n
97,ccarter2o@indiatimes.com,ym092R,cstringman2o
98,ktatton2p@nydailynews.com,e9ybt72J20,jprugel2p
99,qbeddow2q@i2i.jp,sRBRMFQFdHg,ghapps2q
100,kvannet2r@seesaa.net,g7vLK7qx6ag,pdennick2r
101,ckitt2s@amazonaws.com,wux06XxusJg,ldust2s
102,ywooland2t@hhs.gov,b8AEMt3X2Leu,eschroder2t
103,hyurevich2u@businessinsider.com,WVhSQwPB,sgyurko2u
104,dbickmore2v@technorati.com,iKLowIkHdz,sbotwright2v
105,evakhrushin2w@merriam-webster.com,ziXWeXMQ,arentenbeck2w
106,tmayhead2x@paypal.com,Y9UxZOX5VL,wmarzelle2x
107,sjodlowski2y@samsung.com,1xLP6zK1XqUw,ftrayling2y
108,eocarney2z@apple.com,MlsZP7V,stolemache2z
109,kmeddemmen30@shinystat.com,vFapzJ,dbaudy30
110,dbeven31@cmu.edu,Zgeqg5O,fmeatyard31
111,avoelker32@hatena.ne.jp,eQbtIq,lharlin32
112,dpulver33@netscape.com,zAF06fZl,nherion33
113,adamrell34@php.net,3N8YQJ,fkennford34
114,gdriver35@eepurl.com,dv6YUZyy2AJI,pmccloy35
115,swhitwam36@clickbank.net,GncFh7waZ,dpietsma36
116,fmartensen37@about.me,OK1eBtSP,hlanchberry37
117,lcristofolo38@netlog.com,cfN8tuI,ncathery38
118,chourahan39@imgur.com,K72P0vWt,ahayfield39
119,amassie3a@bluehost.com,AS4OMSMYitJZ,mbrankley3a
120,eduesbury3b@washingtonpost.com,byJtiL,prapinett3b
121,sroads3c@nbcnews.com,BDTi3SLGu0mY,bsplevin3c
122,gmearns3d@businesswire.com,HGdxxKsg,jcatchpole3d
123,nsaer3e@mail.ru,xEfi7ORXZ,hbanaszewski3e
124,pstenton3f@goodreads.com,7kLD9DsO,ctanby3f
125,ocompford3g@sun.com,IVFOovOwQbt,lotton3g
126,nleythley3h@tripadvisor.com,cpZCEsxS3A,fgourlie3h
127,jbugby3i@umn.edu,AVRl2i8r,jferenczy3i
128,rdenisot3j@earthlink.net,91LIczQ73T8y,fashwood3j
129,stoe3k@umn.edu,ITeP145DgyP,bcrebott3k
130,dbrignall3l@woothemes.com,sDXMND83Q,wlowles3l
131,bclerk3m@taobao.com,ykF0pGN33yyQ,jthraves3m
132,ggibberd3n@guardian.co.uk,7ncte5MVb,jtidbury3n
133,blawday3o@un.org,lFhc0rc,pbatsford3o
134,scremen3p@icio.us,Nxjsyvi,mjenney3p
135,kmunton3q@163.com,LBO6bWLLKksr,ibrosh3q
136,rmcclarence3r@flavors.me,hdXeH3Q,drosie3r
137,hpaunton3s@cocolog-nifty.com,tzsSjrkboJa,amoiser3s
138,mabadam3t@jiathis.com,12FqPgOpfd,slowey3t
139,sgaveltone3u@google.fr,EdQ9M4iDnI,dmccourtie3u
140,spays3v@printfriendly.com,DPqztSsE,mmarages3v
141,bmaraga3w@nbcnews.com,HccEU15,ncarlo3w
142,wstuckey3x@washington.edu,xv5ens9EBob,ebarcke3x
143,cmoule3y@newyorker.com,2pFUlZqvpvK,tdanilovitch3y
144,rannies3z@wisc.edu,6oMYZdsS,zflannery3z
145,fgallant40@oaic.gov.au,1qRpBp5,opickthorne40
146,cdemke41@fc2.com,7MQ6jl62e,cfairbeard41
147,gbridgens42@un.org,gFRfcMuWVL,cmeece42
148,sfrizzell43@hao123.com,EtDSA8D6B,jibotson43
149,marmatage44@instagram.com,BvoTPCr,nflaws44
150,vcocker45@senate.gov,tubtZoP8Jv,mberic45
151,jharrald46@eventbrite.com,4oldL6nsruT,hstabbins46
152,kbrisley47@webnode.com,EGw0unRVpqBC,mrummins47
153,doregan48@rambler.ru,erSeK1HUZUl3,bmazzei48
154,spritchett49@altervista.org,95Eaztxa,rcleobury49
155,mumpleby4a@java.com,4cOlrHUsf,bgutridge4a
156,pklos4b@washington.edu,AQeiaXvDuOW,ashakspeare4b
157,ckurth4c@chronoengine.com,QTHN3aj,kharradine4c
158,clinder4d@xrea.com,swukRi,acrackett4d
159,mcraigmile4e@blog.com,i94WBuMM,tgersam4e
160,rryhorovich4f@unicef.org,VQ7Xzp3dY,lbibey4f
161,fardern4g@1und1.de,gUGLzJny1q8Z,lroden4g
162,kwhisby4h@foxnews.com,NVLnNpXwj,hlieber4h
163,cscaife4i@statcounter.com,FEl0F46VM7S,nbulger4i
164,rseagrave4j@example.com,NemY2QP,srosenbloom4j
165,rruf4k@latimes.com,4euAmLu6moz,tknowller4k
166,ljay4l@nbcnews.com,KkDZeQiD3,dblyth4l
167,pteacy4m@ustream.tv,HTHJ2pwebuSR,mdedrick4m
168,hmapstone4n@mashable.com,TMrhIe8t,drogeron4n
169,smacgillreich4o@washington.edu,1wx4ie,hruoss4o
170,jyarrow4p@adobe.com,NY0Ilrdb,rvenning4p
171,mcaseley4q@home.pl,pnIIeOfdM,mmirfield4q
172,ckemery4r@cisco.com,ZEIbW9rtSP9D,bjachtym4r
173,asedge4s@gov.uk,c0OKU5AJz,hcurreen4s
174,rclousley4t@nba.com,PL8f4G,ebrunsden4t
175,mfeedham4u@skype.com,JcB2HF,mmclaren4u
176,mjenkison4v@bandcamp.com,d32GmO,csafhill4v
177,bglenn4w@hatena.ne.jp,RoRWr8,hchetwind4w
178,ilonding4x@myspace.com,lyIyuD,mormrod4x
179,mfumagallo4y@skype.com,sYdP0jU0bN,pcancott4y
180,vwattingham4z@opera.com,Ilm91S8OdweI,ycannell4z
181,rsneddon50@bloglovin.com,3XcyGqYcEsLB,mkonke50
182,mjacomb51@eventbrite.com,mE2ZdcHyBE,fgindghill51
183,vstickley52@mozilla.org,mv7SLy,sblum52
184,fuphill53@wordpress.com,65CovOYChNUf,bcurness53
185,jfaulder54@amazon.co.jp,M87Mspwgoh,sdobing54
186,pwestlake55@scribd.com,KmvxOX8aSu,fkemball55
187,wmildenhall56@admin.ch,hfg07QBU4B,jerwin56
188,gpughsley57@hostgator.com,e8Gfej1,mjahndel57
189,hprobbin58@google.es,okZd5feHTW,ocoping58
190,smaciejewski59@de.vu,WO6KtEWiRK,cnowick59
191,llill5a@cnet.com,XA0Xhq8VdF8b,bsowrey5a
192,tmaccaughen5b@usda.gov,NZmGyK1,jallsebrook5b
193,kpetrik5c@nymag.com,LD7fGMzmrL7,cwharby5c
194,msandle5d@elpais.com,B2NtmXs,mfetterplace5d
195,klearoyd5e@barnesandnoble.com,fYNl8EsjJ,jbritcher5e
196,cplane5f@nymag.com,2hrBQY,wglede5f
197,aclowton5g@yahoo.com,WzmrEK,agreensmith5g
198,pwreak5h@woothemes.com,25oOkUp,cdoneld5h
199,rmonshall5i@123-reg.co.uk,tWG0CgnVj6n,bpoppleston5i
200,mbarnaclough5j@dagondesign.com,SacAeM8iDcU,bbloggett5j
201,eandrichuk5k@ucsd.edu,sHsN7bQbz,ashalloo5k
202,zarrighini5l@prweb.com,tcE7yl,ncubbinelli5l
203,asperry5m@ftc.gov,Vn3LEEa1DtB,dbramo5m
204,nharrinson5n@bbb.org,StVmr76fOpCt,smcphelim5n
205,mgalego5o@blogtalkradio.com,n16pH1XP9p1d,dbuxsy5o
206,jdalwis5p@bbc.co.uk,VjjPU9e5TIzX,shexum5p
207,ccheevers5q@gmpg.org,CZvUjW,msweating5q
208,lfrensche5r@ezinearticles.com,ClWgQv9,tcraven5r
209,bdodman5s@boston.com,O68Vz1,ahargey5s
210,wedards5t@alexa.com,AgUH1jDE,cinston5t
211,cshuttell5u@bbc.co.uk,0u7kgo,wbiasioli5u
212,jbanton5v@statcounter.com,09ctG10,msaxby5v
213,cbidewel5w@apache.org,hhS1A6L74,spresnell5w
214,osporton5x@mail.ru,xNUJjnHQ5HK,pstaniford5x
215,jwoodford5y@comsenz.com,SVWYP94,bwanden5y
216,bjursch5z@posterous.com,YHUHZnYU,fbyk5z
217,ushaxby60@bravesites.com,4XCgKTO,icosker60
218,bsnodin61@google.ru,z9xnmDZDypG,sbrownill61
219,cbrandts62@technorati.com,ChqMqDU,ajeppe62
220,dpeacocke63@wikipedia.org,WmL6SkkGZ26l,mmaciocia63
221,fphilpot64@marketwatch.com,rD3Ak1z,momulderrig64
222,cgoolden65@omniture.com,Ppjxuuk44U0x,mallender65
223,vzollner66@bandcamp.com,F7xspkE,dwittier66
224,bbleazard67@jimdo.com,EI49Ba,cdearnly67
225,ccoultard68@census.gov,PJ3y1g,hpassby68
226,dferens69@toplist.cz,soimVTm,kmccleverty69
227,elawes6a@livejournal.com,d8SMfwwFLcJ,ljuppe6a
228,nmuddle6b@over-blog.com,MB36KOi0,bslimm6b
229,dpenhaleurack6c@ucoz.ru,GJCo8uE,bfolling6c
230,ssackler6d@harvard.edu,WfIoWu1HXDV,cbaudin6d
231,cboulde6e@who.int,cu0dL9VWNxnl,bboyall6e
232,fjanuaryst6f@cnbc.com,jCaHvQNJG6g,tnarey6f
233,rhaldenby6g@netlog.com,T3FOshH2u,syanshin6g
234,hrevance6h@ovh.net,fH91SAYpk,nmacillrick6h
235,hgluyas6i@devhub.com,VQ4dGjd3K82,pcayley6i
236,jdumbellow6j@wisc.edu,XKEzMAcO8,mepton6j
237,nosbidston6k@hao123.com,X3fA6B,tadamowitz6k
238,cqueen6l@kickstarter.com,YfNz1pavZe,rcaulcutt6l
239,dguisler6m@discovery.com,MyPm5jkxd,sassaf6m
240,everlinden6n@hp.com,YbyHQgb6Ns,dslinn6n
241,mextil6o@ameblo.jp,hAKSzFg2Oj,gscholefield6o
242,rpigdon6p@ucla.edu,buyinPcn6Htk,ewilkenson6p
243,hfieldhouse6q@deliciousdays.com,O6GB1no,csaltwell6q
244,hsouthcoat6r@answers.com,x83AhyPE8CN,wbiddles6r
245,fgebhard6s@ezinearticles.com,R40MZJAd,askill6s
246,ldudney6t@amazon.com,jV5mL0JAwX,cmcdonell6t
247,osnodin6u@reference.com,nvCRXEpF8Y8,kdivisek6u
248,lpoley6v@cocolog-nifty.com,F3IpJHU1O,estather6v
249,alere6w@gnu.org,3yehRdX8N9U,bcranstoun6w
250,dsidlow6x@cpanel.net,lbZRXy7cIXiJ,kcurlis6x
251,jdenver6y@blogtalkradio.com,AAbFsap,dstreets6y
252,rledson6z@uiuc.edu,bTFn4bb,dwebland6z
253,udalesio70@shop-pro.jp,MI42r7NwXjVg,bfarman70
254,lhanks71@pcworld.com,tj2ejLy8rcg,rpinilla71
255,jrioch72@ft.com,sWpTlc3F,toleahy72
256,tfrandsen73@mapy.cz,mMUU7wrSyQV,thuish73
257,kayllett74@dagondesign.com,bC4oMupigIm,sworster74
258,ngait75@about.me,FEoZGt,ehuddy75
259,wroch76@lycos.com,8paFj7w9F,rmitton76
260,tsuffield77@about.me,aj1rWdtm,jwatters77
261,alavelle78@craigslist.org,2dcEkiAZ,csegrave78
262,cflucker79@shop-pro.jp,zyBJc9W,ekerwen79
263,cdemougeot7a@alibaba.com,4MI8GmgMyn,msellars7a
264,mrockwell7b@chronoengine.com,JhgjhB1XSC,rbrocks7b
265,cheugle7c@upenn.edu,DSaC7H3Xlu82,ysteddall7c
266,lbeentjes7d@wp.com,T6N6k6,adangl7d
267,msemor7e@indiegogo.com,fCIsuxQeb,scogger7e
268,apadgham7f@unblog.fr,u57oZp,mhumm7f
269,ovinnicombe7g@prlog.org,6nfCDK7,byule7g
270,kbuche7h@amazon.com,M08HEMZZxn,gwinkless7h
271,mwittier7i@thetimes.co.uk,8AyzbY5q9CMh,calcoran7i
272,apavolillo7j@mayoclinic.com,7YnhTmm,diuorio7j
273,bmillin7k@thetimes.co.uk,COKFlaeDNT,llascell7k
274,smcdavid7l@globo.com,gBhHuRlcp,evaillant7l
275,ebrager7m@skyrock.com,HRkehLx,jdonoghue7m
276,smccutcheon7n@nba.com,d06bcovl,pseavers7n
277,hslater7o@fotki.com,sdquav,scasolla7o
278,bbraker7p@t.co,t9Djx1bGl9R,uorr7p
279,dguthrum7q@pen.io,ENMpcEseD,yhounihan7q
280,vsaipy7r@census.gov,m7ayA1jN,gtrask7r
281,lwolfindale7s@bluehost.com,mOIkH4Znuzie,djorg7s
282,arimell7t@google.cn,VTgML7Zv,cshambrook7t
283,dheakey7u@oakley.com,u4NyYwmjUWIv,oitzkovici7u
284,nclogg7v@boston.com,BgjchPGGDPC,kscotchmore7v
285,mhuckster7w@theatlantic.com,WgTTG0n7,cblaxley7w
286,abrisse7x@networkadvertising.org,1MhqQgxfHv,dwheeler7x
287,nwalczynski7y@geocities.com,Xq4REKHKI200,scanceller7y
288,echapier7z@tuttocitta.it,D8zBpOeSP,gpentycost7z
289,kwimms80@usatoday.com,jpIbmM,awatson80
290,gblaszczyk81@guardian.co.uk,ouLpkp2A3xa,tmougenel81
291,furion82@homestead.com,j6a9TT9sD,iservant82
292,bhawton83@accuweather.com,Te9IO1v1v,awermerling83
293,eorwin84@state.tx.us,PekTnK42T8N,clamlin84
294,ldunne85@xinhuanet.com,sfM9sNYYL,jkigelman85
295,astobbes86@admin.ch,S6GV9JkD,ajuan86
296,brivitt87@parallels.com,lFMW5abpwzRv,bpoter87
297,msyddall88@csmonitor.com,ivxbMav8,aherries88
298,dfumagallo89@newyorker.com,06TcQm6Qg9Z,sinsley89
299,sabbison8a@hostgator.com,T1XuOyUPNbJN,jburberry8a
300,atofanini8b@networksolutions.com,zwOTeHq,mkeating8b
301,cjouen8c@cbsnews.com,ONgCFm,gfriskey8c
302,bwadie8d@toplist.cz,i1TBxF,mseakin8d
303,tbeard8e@thetimes.co.uk,WKhoZj6O,comullane8e
304,mgalero8f@hostgator.com,iDXSCOZ,sfransseni8f
305,frozycki8g@squidoo.com,2n333BkHc,rhastler8g
306,cdews8h@quantcast.com,OGxlVZx,djoiner8h
307,jbourget8i@booking.com,7H0GGVjra4hg,neynon8i
308,mduesbury8j@hhs.gov,PluW4aOo8vb,bstebbing8j
309,qfone8k@nature.com,M158IZo,smair8k
310,zhayford8l@linkedin.com,eim2t2m,tmishow8l
311,mdesvignes8m@trellian.com,hSq5AtcXHX0,fwaszczyk8m
312,aarbuckle8n@wikipedia.org,bhYAu9a7f0c,arozea8n
313,jbeinisch8o@rambler.ru,9XuVH5Gkc8,mgores8o
314,lpecha8p@netvibes.com,l6bGopbw,mgreensitt8p
315,eandric8q@cnbc.com,0GtMMQJ2ZJ,ehorsburgh8q
316,bleftley8r@hp.com,2ImgOTX9l,ksansome8r
317,neskell8s@wikia.com,bBfv0dfj2,togden8s
318,aworner8t@weather.com,31R8YwH1,mupex8t
319,ahardway8u@shutterfly.com,tqeKgEKRDXKJ,melnaugh8u
320,bbaudin8v@123-reg.co.uk,Q2jhxDMRbdpZ,clackie8v
321,eroberti8w@psu.edu,KXwz0aUO0W5,kdougary8w
322,bwagenen8x@yandex.ru,7OOEJ9bdA0tC,smanach8x
323,gmcritchie8y@uol.com.br,63wKX0v,ehenmarsh8y
324,mpeyton8z@census.gov,27JIskxV,mdomerc8z
325,ndumingos90@myspace.com,MIEt7AhLBoh,ltomsett90
326,eclarabut91@bandcamp.com,5srgw7J,vgillings91
327,nkivell92@patch.com,fAEZnu4,tblowfield92
328,ehasty93@google.cn,FXqLU3zZL,teldrett93
329,sbullier94@google.ca,nJwdBwhTS,sgiabuzzi94
330,tmccanny95@berkeley.edu,9In3Vr,dbrokenshire95
331,dcorderoy96@imdb.com,linMJTnD6o,klidierth96
332,jtregidgo97@comsenz.com,SBn5WK,zellor97
333,jigo98@nytimes.com,DEArbrb4nyi,rstubley98
334,wribeiro99@ow.ly,lpoZVR,shenryson99
335,gambresin9a@360.cn,woNOYgSE2Vqo,jteligin9a
336,tchampniss9b@reuters.com,gQY7e1hA,gleach9b
337,ktomenson9c@stumbleupon.com,M9gV1jIb,hredborn9c
338,kdurbann9d@marketwatch.com,0x7FHixcMd5,lleng9d
339,pbromont9e@cbc.ca,qzwFhm,cweatherburn9e
340,jcordy9f@nyu.edu,jqUug1Dih,dsmead9f
341,gmagenny9g@domainmarket.com,U1vacTY7LhcN,asugge9g
342,sblyden9h@e-recht24.de,bmwMAHWvD,scordrey9h
343,kperring9i@webmd.com,HE7kOE,tturvie9i
344,cchessor9j@wikia.com,pYHNID6NG,sdedomenico9j
345,hellyatt9k@cpanel.net,wbQO7vu,imallock9k
346,moblein9l@ask.com,MwWoWWkXj,kcumo9l
347,rhollow9m@blogs.com,YVfeK86bxg,belvidge9m
348,ezeplin9n@marketwatch.com,R3AQoUfJxJh,pjohnsson9n
349,gkinglake9o@businesswire.com,4gbExTLg,oginger9o
350,lyokley9p@pinterest.com,h97tPshfGn,fjesson9p
351,hronca9q@usnews.com,k481lzYewh,wyesinov9q
352,afinnigan9r@ca.gov,14i7HJz5XsJ,ntabourin9r
353,spanchen9s@youtu.be,YPuSmFoyRByu,ateml9s
354,aayliffe9t@shutterfly.com,wy6PJd7Ewkh,abritee9t
355,ncosbee9u@parallels.com,Ux6GbFhCUKG,hatlee9u
356,ewaterstone9v@devhub.com,vFjbKl1q5oN,lgreenrde9v
357,sstreather9w@mysql.com,HysYon9qAWv,cpraundlin9w
358,fwatsham9x@indiatimes.com,FO8uMx3QbuQ,psnarie9x
359,sbarkes9y@wordpress.org,G08bXs8wJkj,afrench9y
360,cgable9z@ocn.ne.jp,J4oiRO3r,yhumberston9z
361,adedomenicisa0@mlb.com,iSRm7UzKNv,ffogela0
362,mdevaena1@ucoz.ru,amAYuV,gpeschkea1
363,bremera2@apache.org,zRcVHOzI,psigfrida2
364,amciana3@twitter.com,CbR43nS,nikringilla3
365,dbunsona4@ca.gov,SZqWSzQ,rdenmeada4
366,rfruchtera5@google.com.br,hBtOeqBfh6WJ,slovatta5
367,hduredena6@youtu.be,jZGKlT,lmonksfielda6
368,cbernarda7@uol.com.br,dQ3tqN,wgovenlocka7
369,cszretera8@ibm.com,J2JEAH,amilla8
370,cduera9@alexa.com,raCK2cmFqx5,bwillshirea9
371,eniccollsaa@ameblo.jp,lS1Whl,oleemanaa
372,dmennellab@dell.com,ulnHOOp7p3,lscutterab
373,jstanistreteac@theguardian.com,okF9cG,vdenziloeac
374,cevamyad@huffingtonpost.com,YeCpiUnQn,bhinchamad
375,jschultzeae@sciencedaily.com,AbPK39KBA,msanteae
376,enewbeginaf@mayoclinic.com,pErh5K,jweaveraf
377,rstebbinsag@cdbaby.com,aCIAdk6,rheninghemag
378,dlockeah@istockphoto.com,Gkp0P4cv60,pmancktelowah
379,cnewtonai@java.com,Fbm2OfIALBp,malasdairai
380,plambellaj@miitbeian.gov.cn,mG2Bxw,wallibonaj
381,pbohmanak@cmu.edu,lXXsbHqGs6I,ldurwardak
382,nwinskillal@is.gd,xkCdzfQ6mmB4,mburgenal
383,tshovelleram@soup.io,xle9dl4,bandrusyakam
384,kgrishinovan@trellian.com,PGRA8Be7,lmarkwelleyan
385,cmcphelimyao@sfgate.com,yLXLk6,kregitzao
386,bpamplingap@bigcartel.com,csmYjyksd,jatkinsonap
387,dwidmooraq@deliciousdays.com,GoizLJ,ebulgeraq
388,ztutchenerar@naver.com,WsrYKS,jenglefieldar
389,lgwytheras@webeden.co.uk,RLw69w,madicotas
390,rzipsellat@digg.com,9h9qkpsfj9m,tslydeat
391,dhanalanau@cargocollective.com,x6Lh1l3VvkI,msleiteau
392,mrawlinav@merriam-webster.com,kk5MZIhMxI,cjohananovav
393,sgallamoreaw@ibm.com,DuHpcPnp,hinchleyaw
394,dcorrisax@amazonaws.com,3eU631UYghSw,ggarettax
395,estrodeay@webmd.com,0HphzcEqiUgG,hreveningay
396,lferieraz@boston.com,hXuIihOsnPw,emansouraz
397,ecraikb0@booking.com,OJPrg3xDDt,nsnarieb0
398,kpelosib1@admin.ch,CrhH3f60qA,cbasleyb1
399,skonertb2@usda.gov,xzWWZ2APPG,hmeierb2
400,bgandeyb3@yellowpages.com,Hrhn3n8,zabramzonb3
401,nstarkingsb4@hatena.ne.jp,rWkAHlwcNacB,sorowaneb4
402,keckersallb5@yolasite.com,TPDWmyFn10w,hcoultardb5
403,dlinckeb6@prweb.com,n8cpDoT33,bjoostb6
404,cbraidwoodb7@amazon.com,urBx7L3896,dprayerb7
405,acamposb8@wikispaces.com,xeJTDvIK,apragnellb8
406,djacoxb9@twitpic.com,qQ77mxG5Mbor,kroblettb9
407,pkitsba@joomla.org,sNuOQhUlU,rhasserba
408,ffladebb@msn.com,Fqa6fB,dkeartonbb
409,dyarntonbc@yahoo.co.jp,a2G7tne6,fraynebc
410,eoreheadbd@amazon.co.jp,sw8Zzu6oEtT,bglewebd
411,roculliganbe@columbia.edu,RYPJMu0YCHtj,cjoyntbe
412,gcapeybf@biglobe.ne.jp,TAwNnaJy9cpb,cpassbybf
413,cbirchenoughbg@marketwatch.com,BEXVf3oNvLu,jcooplandbg
414,oweaferbh@chronoengine.com,UpsbpsmKVs,mslimanbh
415,crouchbi@webs.com,buqEnldiUjZ,msergantbi
416,sgirardeaubj@wikispaces.com,EmnDPZpoZD,jprudencebj
417,sparemanbk@nytimes.com,PGAtjMGCfkhU,molphertbk
418,mbonnbl@alexa.com,fKMNA5UJjN,ysheppardbl
419,edibollbm@aboutads.info,CNhRkr,mcalwaybm
420,pmummerybn@imageshack.us,bnhBUuk,csollemebn
421,nkinmanbo@so-net.ne.jp,W0peM5AXJ,akaemenabo
422,mgeekinbp@reverbnation.com,oKpLMcWv,rpretselbp
423,janselmibq@mtv.com,dpIJuzAX,lmatusevichbq
424,kburfieldbr@theatlantic.com,EzqBOD2,cglanvillbr
425,shindgebs@sohu.com,G61mQd1CKz2,meliabs
426,bheddenbt@mashable.com,dvyxSKlKei,bgrewerbt
427,jbraidleybu@spotify.com,X4fWKD,scruttendenbu
428,cmarikhinbv@is.gd,dseCSLWyNU,swoodleybv
429,cbathowbw@uiuc.edu,HfIom6,clambertbw
430,ccrosierbx@netlog.com,rWQ3i9jV4L,hpegdenbx
431,kfransewichby@clickbank.net,JKUUM6qbf80,rguyonnetby
432,nduffanbz@baidu.com,KYaDdVG,cdaventrybz
433,lwhitehornec0@aboutads.info,K72kRf,jskippingsc0
434,nwallikerc1@nhs.uk,4IJyQmL,arogerc1
435,gigonetc2@samsung.com,MhmCRLShK,bdiprosec2
436,fpursglovec3@unesco.org,VSvHQPCuv,mtwinbornec3
437,hdanskenc4@theatlantic.com,Zrnoml3,bjendrichc4
438,hcorpc5@odnoklassniki.ru,BaIWVS,kprujeanc5
439,jdunfordc6@google.es,mKNkm2JDgo,akiffec6
440,adominecc7@cloudflare.com,ZYw0SYqUy,fkemetc7
441,locurranc8@bbc.co.uk,WNMzrBjQcgiT,dfidoc8
442,bdigweedc9@prlog.org,atN2mA3C,bcoursec9
443,mesomca@cdc.gov,U9uP8sT1,jheakinsca
444,acaugheycb@slashdot.org,zKgLBpmYdR,mburminghamcb
445,rinnerstonecc@github.com,JhqRiIsZhmxp,ccunniffcc
446,uverrallcd@ft.com,zB7Tee5,telnercd
447,vjakubovicsce@ucoz.com,orTB4PoJlN,lackensonce
448,gtabouriercf@sakura.ne.jp,PHl7PjHJL9,cweedscf
449,fnapoleoncg@cocolog-nifty.com,24X1lt,tpeakmancg
450,dmickanch@senate.gov,3g8LKHnw1Se,kdonaherch
451,dheinoci@goo.ne.jp,CU82xDzfDPvl,jlambdonci
452,qpleasscj@i2i.jp,oj8ah3901iW,rhartshornecj
453,ckendredck@aboutads.info,db8pOEU,fmarcqck
454,moverthrowcl@irs.gov,6apYVvYGc1z8,lmundycl
455,jaslottcm@buzzfeed.com,Wzkud13E,pswalteridgecm
456,vvasilmanovcn@yellowbook.com,LGSk7Q3wIdq,cbootescn
457,egoardco@trellian.com,d3NNO6KQ,dtroopco
458,ebeavancp@ftc.gov,bvzcceSa7Rn,gellercp
459,jfennecq@1688.com,BmA4PDO,smasseycq
460,bcopperwaitecr@yahoo.co.jp,XtGozfwhY,rprandycr
461,shansemanncs@wikispaces.com,sp1vtW,dgomarcs
462,eteresact@mozilla.com,8miQjN5,dmcmurtyct
463,bdicarlocu@army.mil,NhP46sQn9,sduddancu
464,rbamforthcv@so-net.ne.jp,bFH3BsS,cparkencv
465,chandmorecw@instagram.com,ZP1wfyegra9,jcasselycw
466,mmakencx@google.es,awP1OalN,kchatcx
467,eleflemingcy@slate.com,pZTR3BwmNwU,awaggecy
468,kcosgriffcz@yahoo.com,CEerGjuUnI,aespinozacz
469,gcurrand0@posterous.com,yCxubFAtm7,hgalletlyd0
470,kbiasionid1@pbs.org,BwNXwD,aenderbyd1
471,dpawlickid2@accuweather.com,5b8vvMI,gechlind2
472,icastendad3@xinhuanet.com,zIwGTYvOWcVZ,smaystoned3
473,rmurkusd4@huffingtonpost.com,QmeVnp,ecaveilld4
474,stubbled5@pcworld.com,wBO2pK,hbertheld5
475,rhuxstepd6@phoca.cz,96hd6HSa3,klambdind6
476,tmunningsd7@cbslocal.com,4VaDv8o,tdampneyd7
477,apoytresd8@toplist.cz,jYyq9H,mwoodwind8
478,tvalekd9@indiegogo.com,JkQmJhffLI,jgrasnerd9
479,tvamplusda@mashable.com,b2MqCKd948u,pshaperoda
480,ccalvendb@jugem.jp,nfZU5InVGhD,cpollastrodb
481,mchiverstonedc@toplist.cz,yLnPzf,vchappelowdc
482,labdeydd@nasa.gov,jyDGZHSyC,scalverdd
483,bkinnettde@epa.gov,bmqrvw,rwesonde
484,jmatuszakdf@discuz.net,01ow5GQc9q,dcastilledf
485,etomlettdg@wsj.com,e6jTqyCEU5,madlemdg
486,drenfrewdh@ovh.net,zFzeKUHwD,cdarkottdh
487,gkenrackdi@state.gov,Oj0vy8L6z7,aendecottdi
488,ecorneydj@toplist.cz,pMScLo,abeyerdj
489,bpenddrethdk@is.gd,BrzYZTd72SQn,rdowsdk
490,zsimkovitzdl@themeforest.net,3ZgOUM,granaghandl
491,khotsondm@printfriendly.com,MlXKCAMna,umitchelhilldm
492,mrenehandn@economist.com,BRUwpwh,hglandfielddn
493,dtrahmeldo@freewebs.com,CCIWym,eheddedo
494,zeckartdp@businessinsider.com,AiFBvTs6Uu9B,dpilfolddp
495,bveazeydq@rakuten.co.jp,37bai0z2,frollingdq
496,zdyballdr@mysql.com,4bJ2uOjQJ,ldilworthdr
497,asturtonds@youtube.com,4NvAD6I1o7,ctattonds
498,pbarenskydt@pinterest.com,gQI8J8,wjerdeindt
499,tkarpfendu@jugem.jp,0wlPU02ivLPS,bpritcharddu
500,fgommeydv@jalbum.net,UUgTLri3om6G,mkensittdv
501,eheighwaydw@toplist.cz,4khREttKSA,bberndw
502,gvanettidx@examiner.com,kXYRfJ,ecarmodx
503,roxbydy@google.ca,AlbczE,nphidgindy
504,ssenechelldz@prweb.com,f0UDVj3tGw,mveltedz
505,dkaubische0@github.com,7QsAHTst6Gh,spattiee0
506,hrydzynskie1@eventbrite.com,ifxK11UQL11X,hgoodiere1
507,fberthone2@amazon.co.uk,pPR03okeJE,smccaffertye2
508,lcorrane3@wikispaces.com,g9GOTUYKl9X,syerringtone3
509,awagnerine4@ask.com,WaKMQwCWpH,gtrenholmee4
510,meastopee5@jalbum.net,tJ192DPLfwag,pfairholme5
511,bfidellie6@dropbox.com,JAHgWF,lhabbershone6
512,kmosedille7@icq.com,jUJOYRn,bcurnicke7
513,amedgewicke8@army.mil,F63oiBD,grahlofe8
514,acowpere9@tumblr.com,lGsNrwoX7gnE,hstoadee9
515,cbernetteea@slate.com,G2Le9dUyV,cnieselea
516,cboydoneb@paginegialle.it,6FtA6VEdsLr,kcondelleb
517,kranniganec@timesonline.co.uk,WeFcqbCPd,ebusainec
518,dwildished@goo.gl,hXB495avM4,pmenguyed
519,tgrancheree@goo.gl,5SrH6NHNmpLy,cplayfordee
520,lchiswellef@ycombinator.com,9CzGL0XpBHF,srummeryef
521,rgeranteg@seesaa.net,vS6MLljhkeh,hmalcolmsoneg
522,rlyddoneh@about.com,oRClFpfvi1,jbeddiseh
523,lsikoraei@cloudflare.com,KZk1Ut,kgierathsei
524,claurentyej@moonfruit.com,SMrUYlRnB,vbristowej
525,edwelleyek@google.cn,0enXKK,bsielyek
526,baickenel@nbcnews.com,jlw7ZZICL1hM,kchaizeel
527,nsclandersem@hp.com,re81CD7Yvc,alistem
528,dharmeren@wiley.com,LZTT3Rb,ftuilleren
529,mkeysereo@privacy.gov.au,r3ZkrZMM,hgerbeo
530,mglencrossep@deliciousdays.com,bSC0p2YFqs,mleebep
531,tvanniekerkeq@drupal.org,iZVELMBi,agaudoneq
532,ftidcombeer@privacy.gov.au,DG0VpP,relweler
533,sdavidowes@last.fm,2UHJPIj1RC,mbrannones
534,rvittoreet@rambler.ru,XmeOQP,lweinberget
535,lcoslitteu@deliciousdays.com,iJLMNrGKULw,tcottereu
536,gwilloughbyev@umn.edu,3NYmyYqa9Q,rphelitev
537,ggravettew@cafepress.com,QVwlyHTfyn,wbaudassiew
538,xdallingex@state.tx.us,gM2d2ggrKuYy,mcandieex
539,gdougaryey@joomla.org,Tz4eYQZ8Z,gregusey
540,vtwidleez@telegraph.co.uk,dpVKI37Z,wwilliamsonez
541,athirtlef0@cnn.com,vPoD2DLElgWI,kschoolingf0
542,celderf1@ucla.edu,1pqcxr,heaglenf1
543,vparringtonf2@miibeian.gov.cn,qJxOeG,kbrislandf2
544,cmcwhinnief3@cargocollective.com,YKYASB,dbrothertonf3
545,cdienesf4@deliciousdays.com,1VooX5,jjannequinf4
546,jwarbeyf5@theatlantic.com,2rjVyo1,pfillimoref5
547,agrzesiewiczf6@twitter.com,BflDJ8i2Zj6,osemoradf6
548,avandalef7@youtu.be,dLUBq17,cnationf7
549,srawnef8@mysql.com,7YdgjX,lissettf8
550,lrassmannf9@pinterest.com,UdWE1flGGn,hrobersf9
551,mgilpillanfa@npr.org,z6Y3Mzpr2PT,bpatsallfa
552,krobelfb@sciencedaily.com,4hrG55B,rlambollfb
553,mdaubyfc@usgs.gov,yzESGsf,aivanaevfc
554,hjenmanfd@technorati.com,TA6I7RMZUQ,mspiresfd
555,lcatlettefe@naver.com,zgttJQDd,pkellardfe
556,cpresmanff@flickr.com,YVuvJNt,tmcgeadyff
557,hocooneyfg@blog.com,JDQAju,myandellfg
558,bbrandsenfh@reddit.com,NePIYrKkqxl,simmsfh
559,cdepkafi@wikipedia.org,o1f0Vp2ntpr,mespinhafi
560,madrianifj@soundcloud.com,OUtHNqm03,nkeattchfj
561,iblakelyfk@com.com,Bl5HbJ,lsaunderfk
562,gfairbanksfl@bing.com,1VCJ2aa8y9U,btilbrookfl
563,wdoudfm@typepad.com,bv0PnfWxtNDR,freedshawfm
564,creanyfn@senate.gov,MGls6b,rsheldonfn
565,gpetyakovfo@ustream.tv,hnMc2Zudq,jtatefo
566,twapplesfp@cbslocal.com,FLx9lPb56dJh,gshillabearefp
567,ghearleyfq@telegraph.co.uk,b3PbBqR4Rbk6,tmcgaheyfq
568,mbrownsettfr@hud.gov,PLE2J6pdqF,jdipietrofr
569,dmaddersfs@slashdot.org,YJYJWH,bohengertyfs
570,blekeuxft@goodreads.com,oV0ZpkSWqdT,twitcherleyft
571,mkillingworthfu@weebly.com,RK76U0U5vWZp,mduddenfu
572,cladbrookefv@washington.edu,2nGJtZo,bmccrainorfv
573,akirkwoodfw@google.pl,RxMC2g6MNsgL,anotefw
574,wshemeltfx@epa.gov,NxUSUXfgKIYx,sbucklerfx
575,bmosedalefy@google.cn,cuEmqjGwTx,lnucciify
576,cpetruszkafz@spiegel.de,zKJIpKZhecR8,cdilnotfz
577,hrandallg0@state.gov,rgwqGm,bwombwellg0
578,twhelpdaleg1@meetup.com,f7oebmzM1J,tfochg1
579,hdrakeg2@ow.ly,cahIKyW,mwermerlingg2
580,cgowthorpeg3@icio.us,8Q1e8RK,tkatteg3
581,hcollinghamg4@oaic.gov.au,PMEo1HE6WRYx,mliddardg4
582,ojikovskyg5@youku.com,BrNtjB,cveckg5
583,ebeetlesg6@arstechnica.com,XAPEs4StOM,ballibandg6
584,lgibbeng7@wikimedia.org,XVUjll,abrezlawg7
585,kbeckhamg8@wikispaces.com,c6DvH2R,tsangg8
586,vkopeckag9@mysql.com,joQkjn8D07,lbedissg9
587,strowelga@reddit.com,ros2e9eMSv,cbodmanga
588,smccurtaingb@umn.edu,FT2oTm,rlarvergb
589,dbwyegc@smh.com.au,3AyMkh0,jgratlandgc
590,etregunnahgd@seattletimes.com,n73uDMhSMbdK,mhassergd
591,escallyge@walmart.com,qrtxfK0mLi,pbunclarkge
592,averringgf@yandex.ru,WQf79qR5Ushy,coxendengf
593,ecluelowgg@umn.edu,RUacK4N7,rdonkersleygg
594,fhogbengh@dmoz.org,e0NL7WQ,jtzarkovgh
595,mwadhamsgi@cocolog-nifty.com,9UWPhWI1zc,ogauntgi
596,cglanistergj@so-net.ne.jp,B9rqL1AEQX,bmosleygj
597,yprevettgk@sogou.com,rYmpULm,mhebblegk
598,ganniesgl@techcrunch.com,MwkZrG,okonradgl
599,largogm@usatoday.com,CPcfQoudUEw,nfishleygm
600,sbenezgn@seattletimes.com,VoDM4z4A,bgamegn
601,gsansburygo@angelfire.com,fQGYCPFx,ceglingo
602,bdewsnapgp@g.co,mUX3XDKRI,frawlisongp
603,kduinkerkgq@digg.com,6wrqopx2Ax,awarrengq
604,qkingswoldgr@newyorker.com,gcvUzq9z,nquixleygr
605,fohonegs@lycos.com,ajE3uJeL7dPM,mjeffersongs
606,abrammargt@sun.com,nGVnirmygtP,kfrisegt
607,ljedrzaszkiewiczgu@tiny.cc,xSuSrjzr,chulburtgu
608,hhonackgv@nih.gov,VZs9H9,afullicksgv
609,smcrorygw@bizjournals.com,ss9vvRbfIt9,nplumbridgegw
610,sshoebrookgx@npr.org,D5ULYi,sskatesgx
611,ecroftsgy@mtv.com,prkARja1c,jhecksgy
612,mdurandgz@t.co,2WjpYI,jwhightgz
613,jcastlemanh0@purevolume.com,Zh1BvDS,aglyssanneh0
614,cscrineh1@parallels.com,Zs5woi,shaeth1
615,rsunderlandh2@weather.com,51ttSY,bmiddiffh2
616,bscouseh3@hostgator.com,F3tnkYVyrFk,mmartinhoh3
617,kgoodallh4@blogspot.com,KZVYeqb,ldimelowh4
618,tmatthish5@artisteer.com,R2nfcND,xgribbinh5
619,erivilish6@chron.com,N5NUBi,pjanuaryh6
620,gartingstallh7@miitbeian.gov.cn,WLyfYV,rzemlerh7
621,mdheninh8@tamu.edu,fwH6kgRmRu6,aflyeh8
622,fgerth9@intel.com,ypGL0ff7QY6,jstogglesh9
623,aotoweyha@europa.eu,UhTr5Ab,abarwackha
624,bohowbanehb@wufoo.com,fplGwoY,hteeshb
625,eindhc@google.pl,VrNa7q6DtGG,dabramhc
626,asenecauthd@clickbank.net,ZTfNgZm,alewishamhd
627,lcannophe@disqus.com,aCnvuvi74,dmaddinonhe
628,risliphf@ucsd.edu,ayhK43Lv2DtM,iwarderhf
629,dsambellhg@prweb.com,qIIJULibC,tgentyhg
630,mbalentynehh@comcast.net,uuSqN0Rx,ddellcasahh
631,lallainhi@nbcnews.com,IYd73Jof,aovellhi
632,mcornewellhj@foxnews.com,7kPcppy,scolloughhj
633,fpriestleyhk@home.pl,pXZh7zqq1BzO,rbeamsonhk
634,ckocherhl@technorati.com,0UC8aNBJl,mrosshl
635,pdultonhm@unblog.fr,eTsDmSs,kscholfieldhm
636,eroadhn@fda.gov,egF4yjTBlIMK,esnailhamhn
637,ibuckberryho@wordpress.org,bW6Hbh0psUu,gdambrosioho
638,sfelipehp@dedecms.com,rNqF0Q8YSCj,emccartyhp
639,adyballhq@chicagotribune.com,hcjBJhKywg,amckayhq
640,kbohmanhr@tmall.com,QLkoFczGqha7,dgreatbatchhr
641,mcoldicotths@thetimes.co.uk,P6KTDb,rdarkinhs
642,asparhawkht@intel.com,saVodz,mlawfordht
643,bribchesterhu@clickbank.net,NabxLXMaEvBS,hdennetthu
644,rblagdonhv@squarespace.com,jztkBm,maizichv
645,ebasonhw@yelp.com,loiLQN5GcSTP,gwyanthw
646,tfennellyhx@yellowbook.com,IG6ZDyUgyRc,ajulyanhx
647,ehaizeldenhy@elpais.com,03Ig2Fe,deckarthy
648,ppoldenhz@last.fm,lLvqjkwLZ0,jregglerhz
649,labbeyi0@hud.gov,ylZo9xQBw1,adurgani0
650,kbetzi1@google.de,kiEZDO3f4,cproudlovei1
651,shannafordi2@infoseek.co.jp,KXIcMTO,hclemsoni2
652,nhansleyi3@sun.com,qLdNEJ,pdewsburyi3
653,jmityushkini4@tinyurl.com,2SRk3u73u,daspenloni4
654,ddunnei5@wikimedia.org,BPHCrvIWHT56,wcasinei5
655,wcotteyi6@github.io,0iSSmzg,kbrunni6
656,mmccracheni7@cnet.com,F905AklO,cspranklingi7
657,eroji8@blinklist.com,hfA80igmZL,dducarnei8
658,csteutlyi9@china.com.cn,lKqu36Cy0,igulvini9
659,akesperia@qq.com,zSQU3zB,jpollastrinoia
660,mpollokib@marriott.com,2QYW3jgYLFc,jdommib
661,ldellenbachic@geocities.com,2W28x3H,cchamperlenic
662,imartonfiid@nsw.gov.au,2hr0350ahPL,ldiiorioid
663,lszwarcie@cloudflare.com,NrHvyo,rmclayie
664,mkainesif@ibm.com,slb9y1TEg,jvidoif
665,aabrahmig@amazonaws.com,bDZruDeQE,dgummeig
666,sharmonih@zimbio.com,NM99urKCfY,pscarrisbrickih
667,kshopcottii@addtoany.com,kE5XSBQ,kortlerii
668,sheadlandij@weebly.com,HbJPcph1r,mdivisekij
669,zgrinnikovik@fastcompany.com,nO3QYi,gshambrookik
670,mstuddeil@slashdot.org,D30dLs,lbalcersil
671,cmccraineim@diigo.com,inS3Zlrfk,eantognozziiim
672,bgawin@virginia.edu,WJVou8RG5,eodownein
673,smcmichanio@purevolume.com,AmpxsZ,mfrankesio
674,rcarlisleip@hostgator.com,gRIcVxq,mfowlsip
675,tbroadnickeiq@globo.com,m1g3uKRwZRM9,lyoniq
676,jmusicoir@sakura.ne.jp,DxojPZ8AR8,cpagdenir
677,cnaultyis@instagram.com,LTwg7jPaWA,ghinckesis
678,bwalkdenit@deviantart.com,Elr9WZJ,cfantit
679,bbromheadiu@facebook.com,uAWPy7jO79NV,tlimprichtiu
680,aseilmanniv@marketwatch.com,5lbdWgK,agoodsoniv
681,jdudgeoniw@msu.edu,C8G8mjP,gmudieiw
682,kmorrillix@pen.io,qeEqqIuq,igerltsix
683,jcowmeadowiy@stumbleupon.com,GSet0bNW,mpilgeriy
684,gcouvesiz@bloomberg.com,N0rxMCsuH3iQ,pricheiz
685,mclowneyj0@usda.gov,UDpzsx,slefeverj0
686,ddellascalaj1@miitbeian.gov.cn,JAUt6Nf3GzP,cjeffreyj1
687,cdimsdalej2@privacy.gov.au,MNU7QN,tgoffj2
688,rvandermerwej3@cyberchimps.com,PPzX0u1,hmartinhoj3
689,dwrixonj4@nasa.gov,LMCyly3kD7R,afoxenj4
690,tquiggj5@ocn.ne.jp,1f6fkcKURWE,davoj5
691,chartusj6@mtv.com,rdJd1FJVP8c,wmccroryj6
692,oaldousj7@joomla.org,vQB0nolmK,iashwoodj7
693,cgadsdenj8@ehow.com,cO95H8rqCJyo,nbarendtsenj8
694,enareyj9@google.cn,0EuIe0AOE4,jlittrikj9
695,mcasinaja@altervista.org,rmcrhKt3YBi,maggasja
696,cmarlerjb@issuu.com,C4pTqp,skeaveneyjb
697,nbastenjc@bandcamp.com,cumFzF,ntootinjc
698,spillifantjd@123-reg.co.uk,DkRc19Kf2w,kflagjd
699,ecolcuttje@ibm.com,kDYsdNGIeC,rfairleyje
700,mrosenblathjf@cnbc.com,xa7nYiJELh,damosjf
701,gboarjg@nbcnews.com,bLZcqf3A,mionnjg
702,wcastagnejh@home.pl,MU4onF,swreightjh
703,bmaithji@rakuten.co.jp,fFKiF0rZlMuZ,omiklemji
704,tclinkardjj@seesaa.net,acQWjrVYCotF,hhayjj
705,hkearsleyjk@bloglines.com,EOCcu3,szamorajk
706,mloynesjl@wufoo.com,hlNWFI,dfouldesjl
707,nconersjm@merriam-webster.com,fY5lssV,mknockjm
708,cgaskalljn@princeton.edu,cVVbFHC,mcammomilejn
709,eexalljo@engadget.com,gYUXBYxmYiNK,tcollinsonjo
710,tgrimjp@nifty.com,StETwcptI7DZ,dbuddlejp
711,fbaudouxjq@i2i.jp,TAtwZla,tbletsojq
712,ekristofferssonjr@issuu.com,oUTi2YS0eNhy,slambournejr
713,fsifflettjs@uiuc.edu,Kd70vrfQjD,glaverenzjs
714,wbolusjt@g.co,zP5OYXn,radamojt
715,treditju@ucoz.com,E30m5X,ccarnegieju
716,rbuxyjv@shareasale.com,pLLB4QGjs,mcullaghjv
717,llukesjw@techcrunch.com,mY2xKWYWlr,mjerattjw
718,lsoarjx@chronoengine.com,SPI5qtO1PJ5,dredmanjx
719,spownalljy@dmoz.org,PufuYIbW,hmillicanjy
720,mraffeortyjz@wikipedia.org,1WwxNw,mwaferjz
721,tadmansk0@etsy.com,vLePpseoOAs,mhanburybrownk0
722,ewelmank1@symantec.com,GBztG4l,ygingerk1
723,aovertonk2@netlog.com,kAO6z1q2ts5,ckellartk2
724,khuxtonk3@dropbox.com,svD9Mfxz2Ha,slessliek3
725,hfranciottik4@amazonaws.com,TBLzTE,mbaumaierk4
726,ebrookek5@wufoo.com,9mfU2kAlCXq8,schristofidesk5
727,csherreardk6@goo.gl,7PfGstbT,gmolnark6
728,pkidstonk7@goodreads.com,YazoMGoHviZ,ahartshornk7
729,cmangeonk8@latimes.com,qxOPdPNn4wy,apercivalk8
730,fgoodingek9@csmonitor.com,cZyktqrhjwxh,wmaclainek9
731,aperhamka@about.me,xOyXBUPU,gsheeranka
732,caldrichkb@berkeley.edu,Nkma5YIggw1k,elukinskb
733,kblackwaykc@squidoo.com,T2HfVMHo,cbrosterkc
734,ghoundsomkd@imdb.com,CuauuaIvoTuu,cberryclothkd
735,fdonnelke@dot.gov,OovRnFeP3,nlightbowneke
736,carcasekf@indiegogo.com,sjY7P28,aanglisskf
737,chitchamkg@stanford.edu,4QFswrgs,athoweskg
738,kmcnaughtkh@patch.com,hTazzG20,isentenkh
739,hroncelliki@paypal.com,ZEFHcV,ppentecustki
740,srozeakj@sphinn.com,vgM9HxKbkZXl,tluciuskj
741,akleinerkk@wired.com,jksVc4cu3ea2,mmustchinkk
742,hworgekl@simplemachines.org,a3hLG9LuNc,amcenenykl
743,bpetzoltkm@ask.com,IpeKlSuQV,amargettkm
744,tdeningtonkn@ehow.com,8lFyR4g,siacopokn
745,jwoolaghanko@so-net.ne.jp,3R9wBz7Aw,smiddlewickko
746,apayzekp@mozilla.com,vedyTrp3jl8p,cpridmorekp
747,dgloveskq@alexa.com,weOyA8xd,tshipmankq
748,dshurmankr@nationalgeographic.com,TDxc3ODrFh,cdreschlerkr
749,awinhamks@rambler.ru,BMBStTOnbv,awinslettks
750,bcuxsonkt@google.com,xtBdQB,dmallingkt
751,qcogerku@java.com,7HcjFyb3Zl,ebaxstarku
752,rwilcotkv@acquirethisname.com,uirO3uRt7,drenalskv
753,bdryburghkw@unblog.fr,i1BsIz6AX0i,bhandrokkw
754,rmeffinkx@toplist.cz,XKfEwZfJi49m,ljentlekx
755,thertwellky@cam.ac.uk,esjUuHp,gpullinky
756,ecransonkz@sohu.com,lZDqyHHV,cgierckkz
757,sboudal0@desdev.cn,TOAO2zyp,tripperl0
758,pkeayselll1@gravatar.com,RPmcrj,gdoerlingl1
759,bwalkleyl2@goo.gl,1wrFRZMK,bbeetlestonel2
760,rohingertyl3@spiegel.de,ufGDs3Y,ebartolijnl3
761,jgatherall4@nydailynews.com,mDi1PDFP0O,ckalinskyl4
762,tgrzegorzewskil5@bloglovin.com,A8S26PnE2qBi,trameaul5
763,jcarmol6@walmart.com,Yy8ha9Kpc,cgirauldl6
764,abashaml7@desdev.cn,aziqiJYj,wmessinghaml7
765,kteresial8@lulu.com,sgZoi7G6,ewestfieldl8
766,fivattl9@princeton.edu,oTsTcVO0euB,gpettetl9
767,mrubensla@yolasite.com,Pkz2UPl,cmaddersla
768,kferfullelb@google.ru,YbG5OdaqMB,eburbridgelb
769,tembureylc@a8.net,WWqN3Im,wisenorlc
770,gtosspellld@mozilla.org,8rwp1J7Y,lpruvostld
771,mwillowbyle@blogtalkradio.com,fH0DIce,msaltwellle
772,aendeanlf@admin.ch,iwma2qIRNZ2,stinnlf
773,ngorriessenlg@marriott.com,PypQE6,dbrenardlg
774,cdallowaylh@github.com,0iMH6gcJ,zbaybuttlh
775,tgoldstrawli@ucla.edu,nnqWF4E,vpyperli
776,jventamlj@a8.net,2UXvuuSu,wlyallj
777,wduggonlk@rediff.com,hfrTpo94l1YI,jgrastyelk
778,glidgelyll@nasa.gov,COiHFLC,vpolsinll
779,rwenningtonlm@usnews.com,IjI5FU,kiwaszkiewiczlm
780,gbracknallln@independent.co.uk,Tcpzof,munthankln
781,bbatricklo@shutterfly.com,S3CqTG,fcrosbielo
782,pshemiltlp@timesonline.co.uk,CqGEpbFyzlBP,dmcdermidlp
783,rgaddielq@purevolume.com,oHcmag,gloyneslq
784,fjelleylr@opera.com,fMS2HCs,smaiklemlr
785,ldruhanls@bluehost.com,EvONWH,pkirsopls
786,elaurenceault@shareasale.com,M6V1A0DH,csavinslt
787,wlorandlu@so-net.ne.jp,ONGSE343WS,dsnookeslu
788,swainwrightlv@walmart.com,D35lQk,bbenthamlv
789,bcradicklw@joomla.org,fOlbm8T0T,mduprelw
790,spegramlx@seesaa.net,F0O9APsCvDl,ndewsburylx
791,ccrottyly@shareasale.com,A7hIu4I,bpiesoldly
792,opelllz@t-online.de,ySz2LK,cdunhilllz
793,mnichollm0@ustream.tv,nMn9PkLr,mbroggellim0
794,mpartingtonm1@unblog.fr,zAPiQLOX,vcannawaym1
795,rmustillm2@icio.us,xX9pEyCocOBj,ebedinm2
796,gexrollm3@comcast.net,ZU4AoVeHB00I,bbuckthoughtm3
797,hdickenm4@archive.org,LBqVPpNK,bralestonem4
798,qreynoldm5@squidoo.com,KXYNUrSLXXfv,cschukertm5
799,bkhotlerm6@dell.com,S0yYEJ,dshoobridgem6
800,tullyattm7@oakley.com,AuytYobW,aelmhirstm7
801,eteliginm8@canalblog.com,ff4VI9Bct,dlaffranconim8
802,dmcdyerm9@bravesites.com,kB50cJ3s,bhandscombm9
803,jseillerma@1und1.de,Yx9JJCGrQTbn,mcaplenma
804,heveritmb@themeforest.net,fj8wAToM6dP,jlazarusmb
805,ctyasmc@gravatar.com,iPeJ6q,arodrigmc
806,hearwickermd@barnesandnoble.com,EaHsUd1,ggarralsmd
807,tkellockme@ocn.ne.jp,PCfAPCPMQkK,fgiraldome
808,yohdirscollmf@google.com.hk,583vOKxtP,uliccardomf
809,bsutherlandmg@ed.gov,X3d7cgDw,gpfeifermg
810,gmalyonmh@histats.com,ldhINuwBh,mharwinmh
811,xbonhomemi@buzzfeed.com,5pftKQ,gsellormi
812,joneliganmj@rakuten.co.jp,SRjM1H8,gmarlormj
813,dgodthaabmk@bravesites.com,j2PmId,rmacgorriemk
814,mmcgibbonml@answers.com,T1Oeocgkx,trajchertml
815,rfellenormm@technorati.com,wD5ABci,pjeffreymm
816,mginnmn@blogs.com,v2Q9EIAYMD,mmarcqmn
817,bhaglandmo@shutterfly.com,oYffpR6A,cleithermo
818,cvondrachmp@census.gov,jAjI0DxJVMh,mziemenmp
819,mmayormq@blogs.com,SX6imh1Yl0a,ddunbletonmq
820,nwhaleymr@epa.gov,SP0YqCx,dfilipczynskimr
821,mtubbsms@blinklist.com,y1WO1iQ99DS,hsindellms
822,camiablemt@imdb.com,ES1D2iOEe,blinggoodmt
823,mdevilemu@kickstarter.com,0sc5JLOi,bgodsmarkmu
824,agiacobbomv@miibeian.gov.cn,aC5x7AqinhLa,bvautinmv
825,descreetmw@flickr.com,MxqpGu9mW,skindallmw
826,gcharleymx@i2i.jp,P60Gt5ira,wclaessensmx
827,oportammy@senate.gov,thBy0O,ecottemy
828,fgurneemz@auda.org.au,mzojyFOn11,tjoskovitchmz
829,lmurrhardtn0@psu.edu,GEKyk7Hu,acraikern0
830,gmaypothern1@webmd.com,dAAI5fS,ecicchinellin1
831,cmaciejewskin2@nps.gov,bOgB8eC7gTZ,sbettinsonn2
832,vmarkwelln3@constantcontact.com,QgIusE1,flubertin3
833,ospinozzin4@bigcartel.com,6twd2iQRpuR,lbergstramn4
834,rmeesonn5@nasa.gov,G519zG8B1,bshevelln5
835,hbatalinin6@ihg.com,wgQTgRa,jjestyn6
836,asimminsn7@arizona.edu,qMMZYbaa,astanboroughn7
837,rhutcheonsn8@slideshare.net,ppuqFnf1JrM,edeansn8
838,vrancen9@ezinearticles.com,bPDC31XZZa0,cfarlanen9
839,ddowglassna@chron.com,NxK58ORz6J2,bcorpna
840,ocarlensnb@wikia.com,Ug3wUcVLSoL5,mhudspethnb
841,qselwaync@quantcast.com,HiXZeXoGW,vneseync
842,esarand@g.co,gC7Sw7w6,dubanknd
843,bgeavenyne@tuttocitta.it,zrBBcyV,oeakinsne
844,wdranenf@wikimedia.org,Aj2AjTYE0P6,bcliftonnf
845,cprynng@reverbnation.com,F654Ajop,imoreinung
846,lhubachnh@marketwatch.com,vgU7DY,smacknh
847,spowysni@t-online.de,W0fy7tDE,hleathartni
848,hrameaunj@bloglovin.com,zzc5krMl6Vq,laldrichnj
849,ctabardnk@disqus.com,U7ynIu,srobbekenk
850,kseargeantnl@aboutads.info,pYt4vQNtR,mcaudwellnl
851,gbibbnm@jiathis.com,M50B9JA,hlaisenm
852,jmcmahonnn@army.mil,6r7E2dv53mv,drobertotnn
853,sbaszkiewiczno@gmpg.org,1Cwcl9s,ncloutno
854,dyurikovnp@dailymotion.com,Yldkbmrxel,cbetkenp
855,sarunowicznq@eventbrite.com,tUuJ5kR2iLrR,komearanq
856,npesaknr@dyndns.org,SKIwkUALfJ,jfernr
857,cjacquemyns@storify.com,GsQaChE,hsuddellns
858,ttombsnt@dagondesign.com,uoevI6ZT0,sgerrietsnt
859,sblewnu@blogtalkradio.com,iZk2Asi9,pnorthidgenu
860,fmayworthnv@biblegateway.com,HQh64Wv6RZNX,cbambricknv
861,abampfieldnw@census.gov,q4E2Cq52grX2,bkytleynw
862,htemplmannx@amazon.de,OgXHf9E,ktansillnx
863,rallibertonny@ebay.com,Gj0PeUxJniju,rgorininy
864,enoyenz@cbc.ca,XzpnsQN1RNH,hleybannz
865,lpestrickeo0@ebay.co.uk,kjE860xKFy,fhickino0
866,jblairo1@oaic.gov.au,23LKEV,rriddingo1
867,lstockallo2@umich.edu,jSAKDg0iE,ndodgshono2
868,lmcgairlo3@purevolume.com,7RP2ZwreuZNF,cfoleyo3
869,croddamo4@hexun.com,eH0jaXA,sfarloweo4
870,mchrstineo5@hud.gov,jwF9MtdJL5,kpointingo5
871,kmerrydewo6@cbc.ca,ZNiH35oxl,akeiro6
872,losorioo7@desdev.cn,RA2yhR,hfumagalloo7
873,jflowitho8@artisteer.com,tl2v32Yz9nY,cwarlawo8
874,claweyo9@cpanel.net,vs5JTk,vbono9
875,jbateroa@techcrunch.com,RLOBHU9M0,bmatussowoa
876,gfaleyob@ed.gov,pJ7zk8I,emallenderob
877,gkermittoc@constantcontact.com,yurSFzr,abassilloc
878,fkinavanod@sourceforge.net,Nb37A0b2,trodolpheod
879,kneiloe@blogger.com,ZwFjMd,nbleackleyoe
880,hvanyashinof@house.gov,JW6tgZP3KpLF,fshervilleof
881,claugaog@dot.gov,tOm9IlHThPQ,lraysog
882,tdiantoniooh@thetimes.co.uk,bpAkYfHni21m,dmaginotoh
883,jsheringhamoi@exblog.jp,2iKbOMj68fh,cstathoroi
884,rpodsoj@technorati.com,qUvUa6M,alambshineoj
885,ahillhouseok@webeden.co.uk,MuG4Ej5qL4wl,ealbertiok
886,gflaunierol@vkontakte.ru,aAxo69iNOh,arichmondol
887,fashtonom@comcast.net,j25sM5Dbpkx,kmcbeanom
888,nleeburneon@infoseek.co.jp,jzrGAs,gguerreroon
889,amcgroartyoo@washingtonpost.com,1AwNjRF1,rbalstoneoo
890,sreddingop@apple.com,xIoG7d8e18QE,dwalewskiop
891,gstoakleyoq@cargocollective.com,PquWewKExTFq,xdominguezoq
892,dvanceor@symantec.com,kARP2gNy,sbellisonor
893,gbiernackios@economist.com,GgcCkt,csextios
894,acloughot@vinaora.com,uEBbZWN,eocrevyot
895,rhuxtableou@imdb.com,cs6qSC77,nheatherou
896,sdingwallov@unesco.org,Xd3POD,mblurtonov
897,sbazocheow@dedecms.com,elN9sLbsyiRM,dsonnerow
898,mjanseox@jiathis.com,osGo1jP,apotticaryox
899,asauvanoy@vinaora.com,yc2UMOJYd3H3,adrinkalloy
900,tmongeotoz@networkadvertising.org,lZ7FR7xj,mbardnamoz
901,fvinap0@census.gov,UjDmbG9bKc,fperringtonp0
902,ppickerillp1@123-reg.co.uk,NWQI5YwF,pbabstp1
903,sbirdenp2@wikispaces.com,Kc3VTu1Z2N1x,ychimentip2
904,ltobyp3@unc.edu,acVsaCXPb,raylmorep3
905,dhydep4@sina.com.cn,JGYTXlcosF,trishmanp4
906,cferreap5@google.fr,Ae7v4cM7fY5,gwelshp5
907,mlambornp6@icio.us,S2OC7q,mtallonp6
908,lkuhnkep7@usa.gov,7RytRJ,tvivyanp7
909,rduhamp8@amazon.co.jp,RsOXQK0aPf,jhrinishinp8
910,klindenbergp9@dyndns.org,4sLU6do,mtustinp9
911,lperespa@fda.gov,qDk2aFD5OA,dferraronepa
912,nlumbleypb@washingtonpost.com,bD7Gdc7Fi,tcaramusciapb
913,malenikovpc@over-blog.com,bSBJjye6f,fhaysmanpc
914,cbrumheadpd@topsy.com,7WIl2kFfc,cpitmanpd
915,rffoulkespe@si.edu,lZWtYnzeZ,fhairsinepe
916,rcamoyspf@comcast.net,oGATja0JKkAE,dfollettpf
917,cbrachellpg@bigcartel.com,hfH1b7ZmSh,rhischkepg
918,itoppasph@quantcast.com,ELaDVX,amakeyph
919,mosgarbypi@ft.com,ANz7MAAAx,sflipsenpi
920,delintunepj@networksolutions.com,INh9C2cXK,ktesdalepj
921,bhaggartypk@nyu.edu,U3Q1MXv2rY,lmatteaupk
922,mzambonpl@answers.com,iEp9mpjlSs5b,wdamerellpl
923,etapendenpm@typepad.com,FVWlRpWyfxr,asaintpierrepm
924,mvashchenkopn@princeton.edu,jFStAlwybpWg,pswyrepn
925,aduerdinpo@google.com,Ic3M2Ftbz,cwoolispo
926,sdundendalepp@businessweek.com,YaPIYGA70,hmangenotpp
927,ranthiftlepq@jalbum.net,9kc8PC,rgoreypq
928,cdunhampr@netlog.com,2wvlQSu1u0Sg,nbrevittpr
929,jbloodwortheps@weebly.com,1pzyYMxRVtxa,swarnerps
930,lmidgleypt@archive.org,PHSJOjRsjO,cmatejkapt
931,hblackboropu@utexas.edu,1RFWyeNc,derickssenpu
932,rbissetpv@parallels.com,m5PQGCw,etwellspv
933,oharlandpw@globo.com,2YoA4tYkG,sbraunerpw
934,stingeypx@mapy.cz,QATkYvNplZ,gmattinglypx
935,cwithnallpy@sakura.ne.jp,NRer8NA1o,aloundpy
936,evickresspz@list-manage.com,wlqKFH1xe5,scastellettipz
937,jbowkleyq0@vk.com,oD6ODyRkAOTT,evernaq0
938,gjacombq1@yahoo.co.jp,YeKE1nc6vN,crewbottomq1
939,lridgeq2@samsung.com,SZ5mpzDDlU,ckiddeq2
940,rshallcrassq3@facebook.com,ubzUPIqYh,kjakoq3
941,tdalyq4@tuttocitta.it,eSmCPiVC7,mtallmanq4
942,rjeppensenq5@tinypic.com,UBpYKh46j,gpaulusq5
943,scounterq6@webmd.com,OvvCq0I,afruserq6
944,kbreewoodq7@mashable.com,jNPg8BTp,mbazellq7
945,lwoodroffq8@facebook.com,RPsTqKlX4EA,ahailstonq8
946,gchingq9@narod.ru,52LcGE0yo2,frattrieq9
947,drownqa@51.la,Cc4DFm2YB1W,bmarronqa
948,drainsqb@constantcontact.com,0Vkh3FVtS,fpashanqb
949,iantrobusqc@sciencedaily.com,petTjIVITwU,rheartfieldqc
950,rhumerstoneqd@vistaprint.com,sN5zj1wNX0G,thowtonqd
951,dcockrellqe@java.com,qCrL3NROn8QY,jtumpaneqe
952,dcansdallqf@craigslist.org,QACTvg3a3ut,akaliszewskiqf
953,bbackhouseqg@zdnet.com,JxcBuNtlIDBD,gdickinqg
954,ttheyerqh@wsj.com,gz64xcJwX,sfellowsqh
955,cdonnisonqi@flickr.com,n5ym89LkLvJM,khansmanqi
956,rstricklandqj@flavors.me,etMWqY5,cpyffeqj
957,abedlingtonqk@altervista.org,qZdLSwQroz,lgladdisqk
958,yausielloql@msn.com,xoHToxdcb,vmacguireql
959,lgrolmannqm@sfgate.com,iMtyAOgUyHT,jmcaneqm
960,jbendeqn@blog.com,vbaMjMjVRydl,pcrushqn
961,bwhitlamqo@illinois.edu,kYNS5fZr0je,ssuterqo
962,tanthoinqp@spotify.com,aL3BJ5eF0,tflagqp
963,ianthoineqq@pagesperso-orange.fr,3iltRWPB,lhumbertqq
964,lorkneyqr@desdev.cn,jKNHEb2WWV,jtibaldqr
965,rhamnerqs@youku.com,RmE8Hi38,gparadineqs
966,phaggettqt@xrea.com,QAL2kvPmSSl,nderrickqt
967,nshelveyqu@tumblr.com,Jhhvi0,flevingqu
968,merbainqv@cam.ac.uk,rWA38SUIqsL,agarciaqv
969,bhingqw@ted.com,nfn4jDDFySB,jlightowlersqw
970,jpennicottqx@people.com.cn,6dTggyX1ER2i,ctoothillqx
971,rdeschleinqy@va.gov,utJvpg9nl,patteridgeqy
972,eculleyqz@linkedin.com,9XZQbfE8p1wd,ipesikqz
973,fwillockr0@cdbaby.com,7pI4uvlcvZ4,hmeaser0
974,lsilberr1@tripadvisor.com,FrrK21Cw7T,cchorleyr1
975,dherreror2@sfgate.com,n6qLF7uHsaU,gwaelandr2
976,wbroaderr3@sitemeter.com,HKA5XTM8Oo,ccorssr3
977,schislettr4@usnews.com,SHSacwl,abowshirer4
978,ryashuninr5@rambler.ru,xrautQUh3,mdownerr5
979,adimbylowr6@home.pl,mCDjWsAgsqSI,gdruryr6
980,hmitror7@twitpic.com,glCdWx1,nneagler7
981,brolingsonr8@ucoz.com,TiJXDCNH,dkinneallyr8
982,gcalteroner9@gnu.org,rbQMI1,hcarner9
983,kguidira@craigslist.org,WAmETQBsL,gsussansra
984,badamirb@netscape.com,5Hn5avTEj,ckliemkerb
985,pseakingrc@nytimes.com,kHrH9dSWLPC5,astaceyrc
986,lbeedierd@oracle.com,59CFm0yLrM,cinderwickrd
987,rharmere@netvibes.com,od7OAXrG6APU,rgerradre
988,jgreerrf@bbc.co.uk,xgyCeR,klockyearrf
989,rminorsrg@tumblr.com,3UKFc2fdsVM,pdoalerg
990,nevertrh@pcworld.com,jcmEplMQQ,ofanerh
991,qpickvanceri@canalblog.com,GeA3Nsd0tT,pgimbartri
992,lmccandierj@sphinn.com,o4gvz8vL,gaggerj
993,clillymanrk@1und1.de,yS28akt,bburlesrk
994,jkernellrl@auda.org.au,b8Ez4ZorBc,wglendzarl
995,dternerm@skyrock.com,mOCTgban,ncollymorerm
996,okrogerrn@wufoo.com,EZYBAgHStZz,malexsandrevrn
997,dseedullro@people.com.cn,IaglSOe,gmcgarelro
998,aditchfieldrp@va.gov,yGMqDCt3d,hedgellerrp
999,lchampleyrq@desdev.cn,YXm0eEbMm,jkliemannrq
1000,todochertyrr@indiatimes.com,iAGmpTCP1w,bmacmeekanrr
